{
  "@context": "https://w3id.org/ro/crate/1.1/context",
  "@graph": [
    {
      "@id": "ro-crate-metadata.json",
      "@type": "CreativeWork",
      "about": {
        "@id": "./"
      },
      "conformsTo": [
        {
          "@id": "https://w3id.org/ro/crate/1.1"
        },
        {
          "@id": "https://about.workflowhub.eu/Workflow-RO-Crate/"
        }
      ]
    },
    {
      "@id": "./",
      "@type": "Dataset",
      "datePublished": "2023-11-17T16:01:09.459+00:00",
      "mainEntity": {
        "@id": "main_workflow.ga"
      }
    },
    {
      "@id": "main_workflow.ga",
      "@type": [
        "File",
        "SoftwareSourceCode",
        "ComputationalWorkflow"
      ],
      "author": [
        {
          "@id": "#9e79295d-88f8-439c-9251-fa996d2aa05c"
        },
        {
          "@id": "#81bd67e4-5313-4c41-9159-49149f672f5e"
        },
        {
          "@id": "#38a3721b-f4f4-452c-8d89-0cc04ea93e6f"
        },
        {
          "@id": "#7b4efd6e-359c-41e0-aa81-68e5d92aea0d"
        }
      ],
      "license": {
        "@id": "https://spdx.org/licenses/GPL-3.0-or-later"
      },
      "name": "Genome Assembly using PacBio data",
      "version": 4,
      "programmingLanguage": {
        "@id": "https://w3id.org/workflowhub/workflow-ro-crate#galaxy"
      }
    },
    {
      "@id": "https://spdx.org/licenses/GPL-3.0-or-later",
      "@type": "CreativeWork",
      "name": "GPL-3.0-or-later"
    },
    {
      "@id": "https://w3id.org/workflowhub/workflow-ro-crate#galaxy",
      "@type": "ComputerLanguage",
      "identifier": {
        "@id": "https://galaxyproject.org/"
      },
      "name": "Galaxy",
      "url": {
        "@id": "https://galaxyproject.org/"
      },
      "version": "23.1"
    },
    {
      "@id": "#9e79295d-88f8-439c-9251-fa996d2aa05c",
      "@type": "Person",
      "name": "Erwan Corre"
    },
    {
      "@id": "#81bd67e4-5313-4c41-9159-49149f672f5e",
      "@type": "Person",
      "name": "Stéphanie Robin"
    },
    {
      "@id": "#38a3721b-f4f4-452c-8d89-0cc04ea93e6f",
      "@type": "Person",
      "name": "Anthony Bretaudeau"
    },
    {
      "@id": "#7b4efd6e-359c-41e0-aa81-68e5d92aea0d",
      "@type": "Person",
      "name": "Alexandre Cormier"
    }
  ]
}