{
  "@context": "https://w3id.org/ro/crate/1.1/context",
  "@graph": [
    {
      "@id": "ro-crate-metadata.json",
      "@type": "CreativeWork",
      "about": {
        "@id": "./"
      },
      "conformsTo": [
        {
          "@id": "https://w3id.org/ro/crate/1.1"
        },
        {
          "@id": "https://about.workflowhub.eu/Workflow-RO-Crate/"
        }
      ]
    },
    {
      "@id": "./",
      "@type": "Dataset",
      "datePublished": "2023-11-21T01:01:26.208+00:00",
      "mainEntity": {
        "@id": "main_workflow.ga"
      }
    },
    {
      "@id": "main_workflow.ga",
      "@type": [
        "File",
        "SoftwareSourceCode",
        "ComputationalWorkflow"
      ],
      "author": [
        {
          "@id": "#bde140f2-a07e-4e58-aeaa-f35d4b353076"
        },
        {
          "@id": "#6a2b44d2-a144-4991-a838-f29150553e58"
        },
        {
          "@id": "#95f945e7-28fa-4052-81b0-27433e323489"
        },
        {
          "@id": "#d1c7304d-940e-48d4-b6b5-681204e00d82"
        }
      ],
      "license": {
        "@id": "https://spdx.org/licenses/GPL-3.0-or-later"
      },
      "name": "Genome Assembly using PacBio data",
      "version": 4,
      "programmingLanguage": {
        "@id": "https://w3id.org/workflowhub/workflow-ro-crate#galaxy"
      }
    },
    {
      "@id": "https://spdx.org/licenses/GPL-3.0-or-later",
      "@type": "CreativeWork",
      "name": "GPL-3.0-or-later"
    },
    {
      "@id": "https://w3id.org/workflowhub/workflow-ro-crate#galaxy",
      "@type": "ComputerLanguage",
      "identifier": {
        "@id": "https://galaxyproject.org/"
      },
      "name": "Galaxy",
      "url": {
        "@id": "https://galaxyproject.org/"
      },
      "version": "23.1"
    },
    {
      "@id": "#bde140f2-a07e-4e58-aeaa-f35d4b353076",
      "@type": "Person",
      "name": "Erwan Corre"
    },
    {
      "@id": "#6a2b44d2-a144-4991-a838-f29150553e58",
      "@type": "Person",
      "name": "Stéphanie Robin"
    },
    {
      "@id": "#95f945e7-28fa-4052-81b0-27433e323489",
      "@type": "Person",
      "name": "Anthony Bretaudeau"
    },
    {
      "@id": "#d1c7304d-940e-48d4-b6b5-681204e00d82",
      "@type": "Person",
      "name": "Alexandre Cormier"
    }
  ]
}