{
  "@context": "https://w3id.org/ro/crate/1.1/context",
  "@graph": [
    {
      "@id": "ro-crate-metadata.json",
      "@type": "CreativeWork",
      "about": {
        "@id": "./"
      },
      "conformsTo": [
        {
          "@id": "https://w3id.org/ro/crate/1.1"
        },
        {
          "@id": "https://about.workflowhub.eu/Workflow-RO-Crate/"
        }
      ]
    },
    {
      "@id": "./",
      "@type": "Dataset",
      "datePublished": "2023-11-19T01:04:24.316+00:00",
      "mainEntity": {
        "@id": "main_workflow.ga"
      }
    },
    {
      "@id": "main_workflow.ga",
      "@type": [
        "File",
        "SoftwareSourceCode",
        "ComputationalWorkflow"
      ],
      "author": [
        {
          "@id": "#b1d4de48-c06c-4f0c-a105-5a07c20766dd"
        },
        {
          "@id": "#6cfd784c-0f9c-4bab-82ce-0c0a42054740"
        },
        {
          "@id": "#e017c973-066b-4708-903b-6b17ca9b2713"
        },
        {
          "@id": "#fd9d8247-7f71-41e0-b2d7-87311192a287"
        }
      ],
      "license": {
        "@id": "https://spdx.org/licenses/GPL-3.0-or-later"
      },
      "name": "Genome Assembly using PacBio data",
      "version": 4,
      "programmingLanguage": {
        "@id": "https://w3id.org/workflowhub/workflow-ro-crate#galaxy"
      }
    },
    {
      "@id": "https://spdx.org/licenses/GPL-3.0-or-later",
      "@type": "CreativeWork",
      "name": "GPL-3.0-or-later"
    },
    {
      "@id": "https://w3id.org/workflowhub/workflow-ro-crate#galaxy",
      "@type": "ComputerLanguage",
      "identifier": {
        "@id": "https://galaxyproject.org/"
      },
      "name": "Galaxy",
      "url": {
        "@id": "https://galaxyproject.org/"
      },
      "version": "23.1"
    },
    {
      "@id": "#b1d4de48-c06c-4f0c-a105-5a07c20766dd",
      "@type": "Person",
      "name": "Erwan Corre"
    },
    {
      "@id": "#6cfd784c-0f9c-4bab-82ce-0c0a42054740",
      "@type": "Person",
      "name": "Stéphanie Robin"
    },
    {
      "@id": "#e017c973-066b-4708-903b-6b17ca9b2713",
      "@type": "Person",
      "name": "Anthony Bretaudeau"
    },
    {
      "@id": "#fd9d8247-7f71-41e0-b2d7-87311192a287",
      "@type": "Person",
      "name": "Alexandre Cormier"
    }
  ]
}