{
  "@context": "https://w3id.org/ro/crate/1.1/context",
  "@graph": [
    {
      "@id": "ro-crate-metadata.json",
      "@type": "CreativeWork",
      "about": {
        "@id": "./"
      },
      "conformsTo": [
        {
          "@id": "https://w3id.org/ro/crate/1.1"
        },
        {
          "@id": "https://about.workflowhub.eu/Workflow-RO-Crate/"
        }
      ]
    },
    {
      "@id": "./",
      "@type": "Dataset",
      "datePublished": "2023-11-20T01:01:08.627+00:00",
      "mainEntity": {
        "@id": "main_workflow.ga"
      }
    },
    {
      "@id": "main_workflow.ga",
      "@type": [
        "File",
        "SoftwareSourceCode",
        "ComputationalWorkflow"
      ],
      "author": [
        {
          "@id": "#0108da03-44b8-4831-9a55-17cea7a507af"
        },
        {
          "@id": "#641a6d64-b54f-40f3-b0b9-85dc21f64c4b"
        },
        {
          "@id": "#221a076b-4cef-4650-8f9e-0f1f7177d6a5"
        },
        {
          "@id": "#835f5575-beed-4c98-a184-fea9558a4d10"
        }
      ],
      "license": {
        "@id": "https://spdx.org/licenses/GPL-3.0-or-later"
      },
      "name": "Genome Assembly using PacBio data",
      "version": 4,
      "programmingLanguage": {
        "@id": "https://w3id.org/workflowhub/workflow-ro-crate#galaxy"
      }
    },
    {
      "@id": "https://spdx.org/licenses/GPL-3.0-or-later",
      "@type": "CreativeWork",
      "name": "GPL-3.0-or-later"
    },
    {
      "@id": "https://w3id.org/workflowhub/workflow-ro-crate#galaxy",
      "@type": "ComputerLanguage",
      "identifier": {
        "@id": "https://galaxyproject.org/"
      },
      "name": "Galaxy",
      "url": {
        "@id": "https://galaxyproject.org/"
      },
      "version": "23.1"
    },
    {
      "@id": "#0108da03-44b8-4831-9a55-17cea7a507af",
      "@type": "Person",
      "name": "Erwan Corre"
    },
    {
      "@id": "#641a6d64-b54f-40f3-b0b9-85dc21f64c4b",
      "@type": "Person",
      "name": "Stéphanie Robin"
    },
    {
      "@id": "#221a076b-4cef-4650-8f9e-0f1f7177d6a5",
      "@type": "Person",
      "name": "Anthony Bretaudeau"
    },
    {
      "@id": "#835f5575-beed-4c98-a184-fea9558a4d10",
      "@type": "Person",
      "name": "Alexandre Cormier"
    }
  ]
}