{
  "@context": "https://w3id.org/ro/crate/1.1/context",
  "@graph": [
    {
      "@id": "ro-crate-metadata.json",
      "@type": "CreativeWork",
      "about": {
        "@id": "./"
      },
      "conformsTo": [
        {
          "@id": "https://w3id.org/ro/crate/1.1"
        },
        {
          "@id": "https://about.workflowhub.eu/Workflow-RO-Crate/"
        }
      ]
    },
    {
      "@id": "./",
      "@type": "Dataset",
      "datePublished": "2023-11-18T00:59:37.418+00:00",
      "mainEntity": {
        "@id": "main_workflow.ga"
      }
    },
    {
      "@id": "main_workflow.ga",
      "@type": [
        "File",
        "SoftwareSourceCode",
        "ComputationalWorkflow"
      ],
      "author": [
        {
          "@id": "#bd70172c-0449-449c-bcdd-c4f75139ce98"
        },
        {
          "@id": "#ab2f143a-9690-48ac-b91f-7970d1830b81"
        },
        {
          "@id": "#cf53874c-6570-4293-a6e0-19eda799292f"
        },
        {
          "@id": "#b14ce465-f713-4601-8b26-e325bdae1a44"
        }
      ],
      "license": {
        "@id": "https://spdx.org/licenses/GPL-3.0-or-later"
      },
      "name": "Genome Assembly using PacBio data",
      "version": 4,
      "programmingLanguage": {
        "@id": "https://w3id.org/workflowhub/workflow-ro-crate#galaxy"
      }
    },
    {
      "@id": "https://spdx.org/licenses/GPL-3.0-or-later",
      "@type": "CreativeWork",
      "name": "GPL-3.0-or-later"
    },
    {
      "@id": "https://w3id.org/workflowhub/workflow-ro-crate#galaxy",
      "@type": "ComputerLanguage",
      "identifier": {
        "@id": "https://galaxyproject.org/"
      },
      "name": "Galaxy",
      "url": {
        "@id": "https://galaxyproject.org/"
      },
      "version": "23.1"
    },
    {
      "@id": "#bd70172c-0449-449c-bcdd-c4f75139ce98",
      "@type": "Person",
      "name": "Erwan Corre"
    },
    {
      "@id": "#ab2f143a-9690-48ac-b91f-7970d1830b81",
      "@type": "Person",
      "name": "Stéphanie Robin"
    },
    {
      "@id": "#cf53874c-6570-4293-a6e0-19eda799292f",
      "@type": "Person",
      "name": "Anthony Bretaudeau"
    },
    {
      "@id": "#b14ce465-f713-4601-8b26-e325bdae1a44",
      "@type": "Person",
      "name": "Alexandre Cormier"
    }
  ]
}