{
  "@context": "https://w3id.org/ro/crate/1.1/context",
  "@graph": [
    {
      "@id": "ro-crate-metadata.json",
      "@type": "CreativeWork",
      "about": {
        "@id": "./"
      },
      "conformsTo": [
        {
          "@id": "https://w3id.org/ro/crate/1.1"
        },
        {
          "@id": "https://about.workflowhub.eu/Workflow-RO-Crate/"
        }
      ]
    },
    {
      "@id": "./",
      "@type": "Dataset",
      "datePublished": "2023-11-19T01:04:24.232+00:00",
      "mainEntity": {
        "@id": "main_workflow.ga"
      }
    },
    {
      "@id": "main_workflow.ga",
      "@type": [
        "File",
        "SoftwareSourceCode",
        "ComputationalWorkflow"
      ],
      "author": [
        {
          "@id": "#b4240f5a-28c7-4626-9257-7be66fd53f9a"
        },
        {
          "@id": "#ab22879a-66d5-404e-884e-93691f7d59ce"
        },
        {
          "@id": "#c938c4f7-f683-4b9c-9b4c-cd5a35e1eeaa"
        },
        {
          "@id": "#45253eff-8e83-4369-8c46-b4df8346cc1d"
        },
        {
          "@id": "#b48e146e-587c-4b16-9861-e8212ac9829f"
        }
      ],
      "license": {
        "@id": "https://spdx.org/licenses/GPL-3.0-or-later"
      },
      "name": "Genome Assembly Quality Control",
      "version": 1,
      "programmingLanguage": {
        "@id": "https://w3id.org/workflowhub/workflow-ro-crate#galaxy"
      }
    },
    {
      "@id": "https://spdx.org/licenses/GPL-3.0-or-later",
      "@type": "CreativeWork",
      "name": "GPL-3.0-or-later"
    },
    {
      "@id": "https://w3id.org/workflowhub/workflow-ro-crate#galaxy",
      "@type": "ComputerLanguage",
      "identifier": {
        "@id": "https://galaxyproject.org/"
      },
      "name": "Galaxy",
      "url": {
        "@id": "https://galaxyproject.org/"
      },
      "version": "23.1"
    },
    {
      "@id": "#b4240f5a-28c7-4626-9257-7be66fd53f9a",
      "@type": "Person",
      "name": "Erwan Corre"
    },
    {
      "@id": "#ab22879a-66d5-404e-884e-93691f7d59ce",
      "@type": "Person",
      "name": "Stéphanie Robin"
    },
    {
      "@id": "#c938c4f7-f683-4b9c-9b4c-cd5a35e1eeaa",
      "@type": "Person",
      "name": "Anthony Bretaudeau"
    },
    {
      "@id": "#45253eff-8e83-4369-8c46-b4df8346cc1d",
      "@type": "Person",
      "name": "Alexandre Cormier"
    },
    {
      "@id": "#b48e146e-587c-4b16-9861-e8212ac9829f",
      "@type": "Person",
      "name": "Laura Leroi"
    }
  ]
}