{
  "@context": "https://w3id.org/ro/crate/1.1/context",
  "@graph": [
    {
      "@id": "ro-crate-metadata.json",
      "@type": "CreativeWork",
      "about": {
        "@id": "./"
      },
      "conformsTo": [
        {
          "@id": "https://w3id.org/ro/crate/1.1"
        },
        {
          "@id": "https://about.workflowhub.eu/Workflow-RO-Crate/"
        }
      ]
    },
    {
      "@id": "./",
      "@type": "Dataset",
      "datePublished": "2023-11-20T01:01:08.543+00:00",
      "mainEntity": {
        "@id": "main_workflow.ga"
      }
    },
    {
      "@id": "main_workflow.ga",
      "@type": [
        "File",
        "SoftwareSourceCode",
        "ComputationalWorkflow"
      ],
      "author": [
        {
          "@id": "#68a0f60f-db12-4144-a80f-71b07cd17334"
        },
        {
          "@id": "#4fc6695a-a140-4518-b73c-b0024e51c0f9"
        },
        {
          "@id": "#bf7eeccf-a0a3-4332-8dfa-9dcbfe02bb50"
        },
        {
          "@id": "#5ce11a5b-eab4-486b-8e64-6a284960a9f6"
        },
        {
          "@id": "#1a42c856-2eee-41ef-ae2e-c96b740eaad0"
        }
      ],
      "license": {
        "@id": "https://spdx.org/licenses/GPL-3.0-or-later"
      },
      "name": "Genome Assembly Quality Control",
      "version": 1,
      "programmingLanguage": {
        "@id": "https://w3id.org/workflowhub/workflow-ro-crate#galaxy"
      }
    },
    {
      "@id": "https://spdx.org/licenses/GPL-3.0-or-later",
      "@type": "CreativeWork",
      "name": "GPL-3.0-or-later"
    },
    {
      "@id": "https://w3id.org/workflowhub/workflow-ro-crate#galaxy",
      "@type": "ComputerLanguage",
      "identifier": {
        "@id": "https://galaxyproject.org/"
      },
      "name": "Galaxy",
      "url": {
        "@id": "https://galaxyproject.org/"
      },
      "version": "23.1"
    },
    {
      "@id": "#68a0f60f-db12-4144-a80f-71b07cd17334",
      "@type": "Person",
      "name": "Erwan Corre"
    },
    {
      "@id": "#4fc6695a-a140-4518-b73c-b0024e51c0f9",
      "@type": "Person",
      "name": "Stéphanie Robin"
    },
    {
      "@id": "#bf7eeccf-a0a3-4332-8dfa-9dcbfe02bb50",
      "@type": "Person",
      "name": "Anthony Bretaudeau"
    },
    {
      "@id": "#5ce11a5b-eab4-486b-8e64-6a284960a9f6",
      "@type": "Person",
      "name": "Alexandre Cormier"
    },
    {
      "@id": "#1a42c856-2eee-41ef-ae2e-c96b740eaad0",
      "@type": "Person",
      "name": "Laura Leroi"
    }
  ]
}