{
  "@context": "https://w3id.org/ro/crate/1.1/context",
  "@graph": [
    {
      "@id": "ro-crate-metadata.json",
      "@type": "CreativeWork",
      "about": {
        "@id": "./"
      },
      "conformsTo": [
        {
          "@id": "https://w3id.org/ro/crate/1.1"
        },
        {
          "@id": "https://about.workflowhub.eu/Workflow-RO-Crate/"
        }
      ]
    },
    {
      "@id": "./",
      "@type": "Dataset",
      "datePublished": "2023-11-21T01:01:26.120+00:00",
      "mainEntity": {
        "@id": "main_workflow.ga"
      }
    },
    {
      "@id": "main_workflow.ga",
      "@type": [
        "File",
        "SoftwareSourceCode",
        "ComputationalWorkflow"
      ],
      "author": [
        {
          "@id": "#c6236f05-bac1-4db0-8a88-498b2eb32b4d"
        },
        {
          "@id": "#d2af2bf5-0984-4388-9fb7-025e6c58d7a3"
        },
        {
          "@id": "#c5aaddf8-f941-4f80-9a36-9fbcddece9d4"
        },
        {
          "@id": "#e0e50d52-13c3-4995-b642-7cb360e65acc"
        },
        {
          "@id": "#63b4d1b0-f5d1-4991-8d5e-64811ef9026e"
        }
      ],
      "license": {
        "@id": "https://spdx.org/licenses/GPL-3.0-or-later"
      },
      "name": "Genome Assembly Quality Control",
      "version": 1,
      "programmingLanguage": {
        "@id": "https://w3id.org/workflowhub/workflow-ro-crate#galaxy"
      }
    },
    {
      "@id": "https://spdx.org/licenses/GPL-3.0-or-later",
      "@type": "CreativeWork",
      "name": "GPL-3.0-or-later"
    },
    {
      "@id": "https://w3id.org/workflowhub/workflow-ro-crate#galaxy",
      "@type": "ComputerLanguage",
      "identifier": {
        "@id": "https://galaxyproject.org/"
      },
      "name": "Galaxy",
      "url": {
        "@id": "https://galaxyproject.org/"
      },
      "version": "23.1"
    },
    {
      "@id": "#c6236f05-bac1-4db0-8a88-498b2eb32b4d",
      "@type": "Person",
      "name": "Erwan Corre"
    },
    {
      "@id": "#d2af2bf5-0984-4388-9fb7-025e6c58d7a3",
      "@type": "Person",
      "name": "Stéphanie Robin"
    },
    {
      "@id": "#c5aaddf8-f941-4f80-9a36-9fbcddece9d4",
      "@type": "Person",
      "name": "Anthony Bretaudeau"
    },
    {
      "@id": "#e0e50d52-13c3-4995-b642-7cb360e65acc",
      "@type": "Person",
      "name": "Alexandre Cormier"
    },
    {
      "@id": "#63b4d1b0-f5d1-4991-8d5e-64811ef9026e",
      "@type": "Person",
      "name": "Laura Leroi"
    }
  ]
}