{
  "@context": "https://w3id.org/ro/crate/1.1/context",
  "@graph": [
    {
      "@id": "ro-crate-metadata.json",
      "@type": "CreativeWork",
      "about": {
        "@id": "./"
      },
      "conformsTo": [
        {
          "@id": "https://w3id.org/ro/crate/1.1"
        },
        {
          "@id": "https://about.workflowhub.eu/Workflow-RO-Crate/"
        }
      ]
    },
    {
      "@id": "./",
      "@type": "Dataset",
      "datePublished": "2023-11-18T00:59:37.330+00:00",
      "mainEntity": {
        "@id": "main_workflow.ga"
      }
    },
    {
      "@id": "main_workflow.ga",
      "@type": [
        "File",
        "SoftwareSourceCode",
        "ComputationalWorkflow"
      ],
      "author": [
        {
          "@id": "#0edc4bb6-11e3-46b4-b74f-a5fe71235348"
        },
        {
          "@id": "#a38f4596-3ac1-4f2c-b922-9378247a0e6b"
        },
        {
          "@id": "#884ef9ae-61c8-4ae6-99fe-5146e855fdae"
        },
        {
          "@id": "#7121f9e3-4aa7-44f1-98ed-e97496a4fad1"
        },
        {
          "@id": "#2da0410a-d827-4029-bf46-8e6360e2f380"
        }
      ],
      "license": {
        "@id": "https://spdx.org/licenses/GPL-3.0-or-later"
      },
      "name": "Genome Assembly Quality Control",
      "version": 1,
      "programmingLanguage": {
        "@id": "https://w3id.org/workflowhub/workflow-ro-crate#galaxy"
      }
    },
    {
      "@id": "https://spdx.org/licenses/GPL-3.0-or-later",
      "@type": "CreativeWork",
      "name": "GPL-3.0-or-later"
    },
    {
      "@id": "https://w3id.org/workflowhub/workflow-ro-crate#galaxy",
      "@type": "ComputerLanguage",
      "identifier": {
        "@id": "https://galaxyproject.org/"
      },
      "name": "Galaxy",
      "url": {
        "@id": "https://galaxyproject.org/"
      },
      "version": "23.1"
    },
    {
      "@id": "#0edc4bb6-11e3-46b4-b74f-a5fe71235348",
      "@type": "Person",
      "name": "Erwan Corre"
    },
    {
      "@id": "#a38f4596-3ac1-4f2c-b922-9378247a0e6b",
      "@type": "Person",
      "name": "Stéphanie Robin"
    },
    {
      "@id": "#884ef9ae-61c8-4ae6-99fe-5146e855fdae",
      "@type": "Person",
      "name": "Anthony Bretaudeau"
    },
    {
      "@id": "#7121f9e3-4aa7-44f1-98ed-e97496a4fad1",
      "@type": "Person",
      "name": "Alexandre Cormier"
    },
    {
      "@id": "#2da0410a-d827-4029-bf46-8e6360e2f380",
      "@type": "Person",
      "name": "Laura Leroi"
    }
  ]
}